A,determinant,B
château,de,Versailles
tour,de,Londres
basilique,du,Vatican
pyramide,d',Égypte
opéra,de,Paris
port,de,Marseille
phare,de,Brest
musée,du,Louvre
canal,de,Suez
sommet,de,l'Everest
désert,du,Sahara
fleuve,de,l'Amazone
pont,d',Avignon
volcan,du,Vésuve
plage,de,Biarritz
forêt,d',Amazonie
palais,de,l'Élysée
arènes,de,Nîmes
cathédrale,de,Reims
vignoble,de,Bordeaux
stade,de,France
hôtel,de,ville
gare,de,Lyon
aéroport,d',Orly
port,de,Toulon
barrage,de,Roselend
fort,de,Boyard
abbaye,de,Sénanque
grotte,de,Lascaux
jardin,du,Luxembourg
place,de,l'Étoile
avenue,de,l'Opéra
quartier,de,Montmartre
colline,de,Fourvière
falaise,d',Étretat
glacier,du,Rhône
lac,de,Garde
archipel,de,Malte
île,de,Corse
massif,du,Jura
plaine,de,Beauce
plateau,de,Millevaches
bassin,d',Arcachon
baie,de,Somme
presqu'île,de,Guérande
estuaire,de,Gironde
delta,du,Nil
canyon,du,Verdon
cirque,de,Gavarnie
gouffre,de,Padirac
volcan,de,l'Etna
cratère,du,Ngorongoro
récif,d',Australie
abysse,de,l'océan
banquise,de,l'Arctique
toundra,de,Sibérie
steppe,de,Mongolie
jungle,de,Bornéo
savane,d',Afrique
oasis,de,Tozeur
pampa,d',Argentine
fjord,de,Norvège
lagune,de,Venise
atoll,de,Mururoa
îlot,de,verdure
sommet,de,montagne
flanc,de,colline
pied,de,falaise
bord,de,mer
rivage,de,l'Atlantique
littoral,de,Bretagne
ciel,de,Provence
soleil,d',Italie
glace,du,pôle
brume,de,mer
ville,de,Lyon
village,de,pêcheur
hameau,de,montagne
ferme,de,campagne
écurie,du,domaine
poulailler,de,ferme
potager,de,maison
fenêtre,de,chambre
couloir,de,bureau
salon,de,thé
cuisine,de,palace
chambre,de,bonne
terrasse,de,café
cour,d',honneur
square,de,quartier
parc,de,jeux
zoo,de,Vincennes
aquarium,de,Monaco
théâtre,de,ville
cinéma,de,quartier
librairie,de,vieux
école,de,danse
collège,de,banlieue
lycée,de,province
université,de,Sorbonne
faculté,de,droit
académie,de,musique
conservatoire,de,Lyon
atelier,d',artiste
galerie,de,peinture
studio,de,photo
usine,de,textile
mine,de,charbon
chantier,de,construction
bureau,de,poste
banque,de,France
caisse,d',épargne
bourse,de,Paris
prison,de,Fresnes
caserne,de,pompiers
hôpital,de,jour
clinique,de,repos
pharmacie,de,garde
église,du,village
mosquée,de,quartier
synagogue,de,ville
cimetière,de,campagne
fontaine,de la,place
réverbère,de,rue
route,de la,campagne
sentier,de la,forêt
piste,de,ski
quai,de la,gare
tunnel,de la,montagne
viaduc,de,Millau
digue,de,port
rade,de,Brest
golfe,de,Gascogne
mer,de,Chine
lac,d',Annecy
étang,de,pêche
marais,du,Poitevin
rivière,de,plaine
ruisseau,de la,forêt
source,d',eau
sapinière,de,montagne
chênaie,de,plaine
lande,de,bruyère
garrigue,de,Provence
maquis,de,Corse
savane,de,brousse
toundra,de,glace
désert,de,sel
dune,de,sable
rocher,de,mer
falaise,de,craie
grotte,de,stalactite
abîme,de,noirceur
sommet,de,gloire
cime,d',arbre
branche,de,chêne
mousse,de,forêt
lichen,de,pierre
pagode,de,Chine
temple,d',Angkor
palais,du,Radjah
harem,de,sultan
souk,de,Marrakech
marché,de,Provence
foire,de,Lyon
salon,de,l'auto
expo,de,peinture
musée,de,l'Homme
théâtre,de,l'Odéon
opéra,de,Vienne
arène,de,Lutèce
forum,de,Rome
théâtre,d',Épidaure
stade,d',Olympie
parthénon,d',Athènes
acropole,de,Grèce
colisée,de,Rome
pétra,de,Jordanie
temple,de,Louxor
pyramide,de,Gizeh
sphinx,d',Égypte
muraille,de,Chine
temple,du,Ciel
cité,d',Angkor
statue,de,Liberté
tour,d',Eiffel
arc,de,Triomphe
musée,du,Louvre
château,du,Vatican
palais,de,Buckingham
château,de,Kremlin
capitole,de,Washington
pentagone,d',Amérique
pôle,du,Nord
tropique,du,Cancer
méridien,de,Greenwich
antarctique,du,Sud
sibérie,de,Russie
alaska,d',Amérique
sahara,d',Afrique
gobi,de,Chine
atacama,du,Chili
victoria,d',Australie
amazonie,du,Brésil
congo,d',Afrique
mékong,de,Thaïlande
danube,d',Europe
rhin,de,l'Est
rhône,de,France
loire,de,France
seine,de,Paris
tamise,de,Londres
tibre,de,Rome
douro,du,Portugal
tage,d',Espagne
ebre,d',Espagne
po,d',Italie
voldga,de,Russie
don,de,Russie
oural,de,Russie
gange,d',Inde
indus,du,Pakistan
euphrate,de,Syrie
jourdain,d',Israël
nil,d',Égypte
zambèze,d',Afrique
mississippi,d',Amérique
missouri,d',Amérique
hudson,de,New-York
yukon,du,Canada
saint-laurent,du,Canada
rio,de,Janeiro
buenos,d',Aires
lima,du,Pérou
bogota,de,Colombie
caracas,du,Venezuela
quito,de,l'Équateur
la,de,Paz
santiago,du,Chili
tokyo,du,Japon
pékin,de,Chine
seoul,de,Corée
manille,des,Philippines
bangkok,de,Thaïlande
hanoi,du,Vietnam
djaka,de,l'Indonésie
singapour,d',Asie
dehli,d',Inde
bombay,d',Inde
karachi,du,Pakistan
bagdad,d',Irak
riyad,d',Arabie
dubai,des,Émirats
mascate,d',Oman
aden,du,Yémen
beyrouth,du,Liban
damas,de,Syrie
amman,de,Jordanie
jerusalem,d',Israël
istanbul,de,Turquie
ankara,de,Turquie
athenes,de,Grèce
sofia,de,Bulgarie
bucarest,de,Roumanie
belgrade,de,Serbie
zagreb,de,Croatie
sarajevo,de,Bosnie
tirana,d',Albanie
rome,d',Italie
milan,d',Italie
naples,d',Italie
venise,d',Italie
florence,d',Italie
madrid,d',Espagne
barcelone,d',Espagne
seville,d',Espagne
lisbonne,du,Portugal
porto,du,Portugal
paris,de,France
lyon,de,France
marseille,de,France
bordeaux,de,France
lille,de,France
strasbourg,de,France
nantes,de,France
toulouse,de,France
nice,de,France
londres,d',Angleterre
manchester,d',Angleterre
birmingham,d',Angleterre
glasgow,d',Écosse
dublin,d',Irlande
bruxelles,de,Belgique
anvers,de,Belgique
amsterdam,des,Pays-Bas
rotterdam,des,Pays-Bas
luxembourg,du,Luxembourg
berne,de,Suisse
zurich,de,Suisse
geneve,de,Suisse
vienne,d',Autriche
berlin,d',Allemagne
munich,d',Allemagne
hambourg,d',Allemagne
francfort,d',Allemagne
prague,de,Tchéquie
varsovie,de,Pologne
copenhague,du,Danemark
oslo,de,Norvège
stockholm,de,Suède
helsinki,de,Finlande
reykjavik,d',Islande
moscou,de,Russie
kiev,d',Ukraine
minsk,de,Biélorussie
riga,de,Lettonie
tallinn,d',Estonie
vilnius,de,Lituanie
tbilissi,de,Géorgie
erevan,d',Arménie
bakou,d',Azerbaïdjan
astana,du,Kazakhstan
tachkent,d',Ouzbékistan
achgabat,du,Turkménistan
douchanbe,du,Tadjikistan
bichkek,du,Kirghizistan
oulan-bator,de,Mongolie
alger,d',Algérie
oran,d',Algérie
rabat,du,Maroc
tunis,de,Tunisie
tripoli,de,Libye
khartoum,du,Soudan
djibouti,de,Djibouti
mogadiscio,de,Somalie
nairobi,du,Kenya
kampala,de,l'Ouganda
kigali,du,Rwanda
bujumbura,du,Burundi
daressalaam,de,Tanzanie
lusaka,de,Zambie
harare,du,Zimbabwe
maputo,du,Mozambique
pretoria,d',Afrique
luanda,d',Angola
kinshasa,du,Congo
libreville,du,Gabon
yaounde,du,Cameroun
ndjamena,du,Tchad
niamey,du,Niger
bamako,du,Mali
nouakchott,de,Mauritanie
dakar,du,Sénégal
banjul,de,Gambie
conakry,de,Guinée
freetown,de,Sierra-Leone
monrovia,du,Liberia
abidjan,de,Côte-d'Ivoire
accra,du,Ghana
lome,du,Togo
cotonou,du,Bénin
lagos,du,Nigeria
antananarivo,de,Madagascar
port-louis,de,Maurice
victoria,des,Seychelles
moroni,des,Comores
ottawa,du,Canada
montreal,du,Canada
toronto,du,Canada
vancouver,du,Canada
washington,d',Amérique
new-york,d',Amérique
chicago,d',Amérique
los,d',Angeles
houston,d',Amérique
miami,d',Amérique
mexico,du,Mexique
havane,de,Cuba
kingston,de,Jamaïque
panama,du,Panama
bogota,de,Colombie
caracas,du,Venezuela
quito,de,l'Équateur
lima,du,Pérou
asuncion,du,Paraguay
montevideo,de,l'Uruguay
buenos,d',Aires
santiago,du,Chili
brasilia,du,Brésil
rio,du,Brésil
canberra,d',Australie
sydney,d',Australie
melbourne,d',Australie
perth,d',Australie
brisbane,d',Australie
wellington,de,Nouvelle-Zélande
suva,des,Fidji
port-moresby,de,Guinée
honiara,des,Salomon
palikir,de,Micronésie
tarawa,de,Kiribati
majuro,des,Marshall
nauru,de,Nauru
funafuti,de,Tuvalu
nuku'alofa,des,Tonga
apia,des,Samoa
port,de,Marseille
gare,de,Lyon
stade,de,France
universite,de,Strasbourg
musee,du,Prado
canal,du,Midi
viaduc,de,Millau
phare,d',Ouessant
abbaye,du,Mont
grotte,de,Chauvet
parc,de la,Villette
jardin,des,Tuileries
place,de la,Concorde
palais,de,Justice
tour,de,Pise
basilique,de,Lisieux
cathedrale,de,Chartres
arene,de,Verone
forum,de,Rome
temple,d',Artemis
mur,de,Berlin
pont,du,Gard
theatre,du,Chatelet
opera,de,Bastille
gymnase,de,banlieue
marche,de,Noël
foire,du,Trône
ecole,de,musique
bureau,de,vote
maison,de,retraite
centre,de,soins
hopital,de,Paris
stade,de,foot
piste,de,danse
salle,de,classe
chambre,d',amis
bureau,du,directeur
cuisine,du,chef
salon,du,livre
cave,de,vigneron
grenier,de,papy
garage,de,maison
jardin,du,voisin
potager,du,grand-père
foret,de,Brocéliande
bois,de,Vincennes
lac,du,Léman
mer,de,Glace
vallee,de,l'Isère
montagne,de,Reims
colline,du,Cracken
falaise,de,Fécamp
plage,du,Prado
dune,du,Pilat
ile,de,Ré
ile,d',Oléron
ile,de,Noirmoutier
baie,de,Quiberon
golfe,du,Morbihan
rade,de,Cherbourg
bassin,de,Thau
etang,de,Berre
canal,de,Nantes
fleuve,du,Nil
riviere,d',Ain
torrent,du,Fier
cascade,du,Hérisson
source,de la,Loue
grotte,de,Niaux
gouffre,de,l'Œil
volcan,de la,Soufrière
piton,de la,Fournaise
cirque,de,Mafate
sommet,du,Mont-Blanc
aiguille,du,Midi
breche,de,Roland
pas,de la,Case
col,du,Galibier
tunnel,du,Fréjus
barrage,de,Tignes
centrale,de,Fessenheim
usine,de,Renault
chantier,du,siècle
prison,de la,Santé
camp,de,vacances
village,de,toile
base,de,loisirs
port,de,plaisance
aeroport,de,Roissy
gare,du,Nord
station,de,métro
arret,de,bus
borne,de,recharge
parking,de,centre
rue,de,Rivoli
boulevard,de,Magenta
avenue,de,Foch
quai,d',Orsay
pont,de,l'Alma
square,du,Temple
parc,de,Monceau
bois,de,Boulogne
jardin,des,Plantes
zoo,de,Beauval
aquarium,de,Brest
musee,d',Orsay
galerie,de,l'Évolution
chateau,de,Blois
palais,des,Papes
citadelle,de,Besançon
fort,de la,Pompelle
tour,de,l'Horloge
beffroi,de,Lille
eglise,de la,Madeleine
prieure,de,Serrabone
cloitre,de,Moissac
chapelle,de,Ronchamp
mosquee,de,Paris
synagogue,de la,Victoire
temple,de,l'Amour
mausolee,de,Lénine
pyramide,du,Louvre
colonne,de,Vendôme
obelisque,de,Louxor
fontaine,de,Trévi
pont,de,Rialto
grand,du,Canal
place,de,Saint-Marc
basilique,de,Saint-Pierre
mur,des,Lamentations
dome,du,Rocher
saint,de,Sépulcre
mont,des,Oliviers
lac,de,Tibériade
mer,de,Galilée
golfe,d',Aqaba
desert,du,Neguev
plateau,du,Golan
vallee,du,Jourdain
mont,de,Sinaï
canal,de,Panama
cap,de,Bonne-Espérance
detroit,de,Gibraltar
mer,du,Nord
mer,de,Manche
ocean,de,l'Atlantique
ocean,du,Pacifique
ocean,de,l'Antarctique
ocean,de,l'Arctique
mer,des,Caraïbes
mer,de,Tasmanie
mer,de,Bering
mer,d',Okhotsk
mer,du,Japon
mer,de,Java
mer,de,Corail
mer,de,Ross
mer,de,Weddell
mer,de,Sargasses
baie,d',Hudson
baie,de,Baffin
baie,de,Bengale
golfe,du,Mexique
golfe,de,Guinée
golfe,du,Bengale
golfe,d',Aden
golfe,de,Finlande
golfe,de,Botnie
lac,de,Constance
lac,de,Genève
lac,de,Neuchâtel
lac,de,Côme
lac,de,Majeur
lac,de,Garde
lac,de,Van
lac,de,Sevan
lac,de,Baïkal
lac,de,Balkhach
lac,de,Tchad
lac,de,Victoria
lac,de,Tanganyika
lac,de,Malawi
lac,de,Supérieur
lac,de,Michigan
lac,de,Huron
lac,de,Erié
lac,de,Ontario
lac,de,Titicaca
fleuve,du,Niger
fleuve,du,Sénégal
fleuve,du,Congo
fleuve,de,l'Orange
fleuve,du,Limpopo
fleuve,du,Zambèze
fleuve,du,Nil
fleuve,du,Tigre
fleuve,de,l'Euphrate
fleuve,de,l'Indus
fleuve,du,Gange
fleuve,de,l'Irrawaddy
fleuve,du,Mékong
fleuve,de,l'Amour
fleuve,de la,Lena
fleuve,de,l'Ienisseï
fleuve,de,l'Ob
fleuve,du,Volga
fleuve,du,Danube
fleuve,du,Rhin
fleuve,de,l'Elbe
fleuve,de la,Vistule
fleuve,du,Tage
fleuve,de,l'Ebre
fleuve,du,Po
fleuve,du,Rhône
fleuve,de la,Loire
fleuve,de la,Seine
fleuve,de la,Garonne
fleuve,du,Mississippi
fleuve,du,Missouri
fleuve,du,Colorado
fleuve,du,Columbia
fleuve,du,Yukon
fleuve,du,Mackenzie
fleuve,du,Saint-Laurent
fleuve,de,l'Amazone
fleuve,du,Parana
fleuve,de,l'Uruguay
fleuve,de,l'Orénoque
fleuve,de la,Magdalena
fleuve,de la,Murray
fleuve,du,Darling
mont,de,l'Everest
mont,du,K2
mont,du,Kangchenjunga
mont,du,Lhotse
mont,du,Makalu
mont,du,Cho-Oyu
mont,du,Dhaulagiri
mont,du,Manaslu
mont,du,Nanga-Parbat
mont,de,l'Annapurna
mont,du,Gasherbrum
mont,du,Broad-Peak
mont,du,Shishapangma
mont,du,Blanc
mont,de,l'Elbrouz
mont,du,Kilimandjaro
mont,du,Kenya
mont,du,Stanley
mont,du,McKinley
mont,du,Logan
mont,du,Popocatepetl
mont,de,l'Aconcagua
mont,du,Chimborazo
mont,du,Vinson
mont,du,Wilhelm
mont,du,Kosciuszko
mont,du,Cook
volcan,de,l'Etna
volcan,du,Vésuve
volcan,du,Stromboli
volcan,du,Vulcain
volcan,de,l'Hekla
volcan,du,Katla
volcan,du,Fuji
volcan,du,Merapi
volcan,du,Krakatoa
volcan,du,Tambora
volcan,du,Pinatubo
volcan,du,Mayon
volcan,du,Taal
volcan,du,Semeru
volcan,du,Bromo
volcan,du,Rinjani
volcan,du,Soputan
volcan,du,Gamalama
volcan,du,Dukono
volcan,du,Bagana
volcan,du,Ulawun
volcan,du,Yasur
volcan,du,Ruapehu
volcan,du,Tongariro
volcan,du,Ngauruhoe
volcan,du,White-Island
volcan,du,Kilauea
volcan,du,Mauna-Loa
volcan,du,Mauna-Kea
volcan,du,Hualalai
volcan,du,Haleakala
volcan,du,Rainier
volcan,du,Saint-Helens
volcan,du,Hood
volcan,du,Shasta
volcan,du,Lassen
volcan,du,Colima
volcan,du,Fuego
volcan,du,Santa-Maria
volcan,du,Izalco
volcan,du,Arenal
volcan,du,Irazu
volcan,du,Poas
volcan,du,Turrialba
volcan,du,Reventador
volcan,du,Sangay
volcan,du,Cotopaxi
volcan,du,Tungurahua
volcan,du,Guagua-Pichincha
volcan,du,Sabancaya
volcan,du,Ubinas
volcan,du,Villarrica
volcan,du,Llaima
volcan,du,Copahue
volcan,du,Planchon-Peteroa
volcan,du,Nevados-de-Chillan
volcan,du,Puyehue-Cordon-Caulle
volcan,du,Osorno
volcan,du,Calbuco
volcan,du,Hudson
volcan,du,Erebus
volcan,du,Terror
volcan,du,Melbourne
volcan,du,Sidley
desert,du,Sahara
desert,du,Sahel
desert,du,Namib
desert,du,Kalahari
desert,du,Danakil
desert,du,Chalbi
desert,du,Nyiri
desert,du,Lompoul
desert,de,l'Arabie
desert,du,Néguev
desert,du,Syrie
desert,du,Thar
desert,du,Lut
desert,de,Kavir
desert,du,Karakoum
desert,du,Kyzylkoum
desert,du,Taklamakan
desert,de,Gobi
desert,d',Ordos
desert,du,Cholistan
desert,du,Registan
desert,du,Margo
desert,du,Gibson
desert,de,Simpson
desert,de,Victoria
desert,de,Tanami
desert,de,Sturt
desert,de,Pedirka
desert,de,Tirari
desert,du,Grand-Lac-Salé
desert,de,Mojave
desert,de,Sonora
desert,de,Chihuahua
desert,de,Sechura
desert,d',Atacama
desert,de,Patagonie
foret,de,l'Amazonie
foret,du,Congo
foret,de,Bornéo
foret,de,Sumatra
foret,de,Guinée
foret,de,Madagascar
foret,de,Sibérie
foret,du,Canada
foret,de,Scandinavie
foret,de,l'Europe
foret,de,France
foret,d',Allemagne
foret,de,Pologne
foret,des,Landes
foret,de,Fontainebleau
foret,de,Compiègne
foret,de,Rambouillet
foret,de,Chantilly
foret,de,Sénart
foret,de,Meudon
foret,de,Verrières
foret,de,Marly
foret,de,Saint-Germain
foret,de,Montmorency
foret,de,Bondy
foret,de,l'Isle-Adam
foret,de,Carnelle
foret,de,Rosny
foret,de,Moisson
foret,de,Dreux
foret,de,Bizy
foret,de,Bord
foret,de,Lyon
foret,d',Ecouves
foret,de,Bourse
foret,de,Perseigne
foret,de,Sillé
foret,de,Paimpont
foret,de,Brocéliande
foret,du,Gâvre
foret,de,Chizé
foret,de,Moulière
foret,de,Braconne
foret,de,Grésigne
foret,de,Sivens
foret,de,Bouconne
foret,d',Ermenonville
foret,d',Halatte
foret,de,Retz
foret,de,Laigue
foret,d',Ourscamp
foret,de,Saint-Gobain
foret,de,Coucy
foret,de,Mormal
foret,de,Raismes
foret,de,Nieppe
foret,de,Clairmarais
foret,d',Hesdin
foret,de,Crécy
foret,d',Eu
foret,d',Arques
foret,d',Eawy
foret,de,Brotonne
foret,du,Rouray
foret,de,Conches
foret,de,Breteuil
foret,de,Senonches
foret,de,Montargis
foret,d',Orléans
foret,de,Russy
foret,de,Blois
foret,de,Bercé
foret,de,Lussac
foret,de,Châtellerault
foret,de,Benon
foret,de la,Coubre
foret,de,Sainte-Baume
foret,du,Dom
foret,de,Vizzavona
foret,de,Valdo-Niello
foret,d',Aitone
foret,de,Bavella
ile,de,France
ile,de,Corse
ile,de,Ré
ile,d',Oléron
ile,de,Noirmoutier
ile,d',Yeu
ile,de,Groix
ile,de,Belle-Ile
ile,d',Ouessant
ile,de,Batz
ile,de,Bréhat
ile,du,Levant
ile,de,Porquerolles
ile,de,Port-Cros
ile,d',Aix
ile,de,Sein
ile,de,Molène
ile,de,Jersey
ile,de,Guernesey
ile,de,Sercq
ile,d',Aurigny
ile,de,Man
ile,de,Wight
ile,de,Skye
ile,de,Mull
ile,d',Arran
ile,de,Lewis
ile,d',Islay
ile,de,Jura
ile,de,Mainland
ile,de,Anglesey
ile,de,Gotland
ile,de,Öland
ile,de,Sjaelland
ile,de,Fionie
ile,de,Lolland
ile,de,Bornholm
ile,de,Rügen
ile,de,Sylt
ile,de,Texel
ile,de,Malte
ile,de,Gozo
ile,de,Chypre
ile,de,Crète
ile,de,Rhodes
ile,de,Corfou
ile,de,Lesbos
ile,de,Samos
ile,de,Chios
ile,de,Naxos
ile,de,Paros
ile,de,Santorin
ile,de,Milos
ile,de,Mykonos
ile,de,Sicile
ile,de,Sardaigne
ile,d',Elbe
ile,de,Capri
ile,d',Ischia
ile,de,Lipari
ile,de,Majorque
ile,de,Minorque
ile,d',Ibiza
ile,de,Formentera
ile,de,Madère
ile,de,Porto-Santo
ile,de,Ténérife
ile,de,Fuerteventura
ile,de,Grande-Canarie
ile,de,Lanzarote
ile,de,La-Palma
ile,de,La-Gomera
ile,de,El-Hierro
ile,de,Santiago
ile,de,Santo-Antao
ile,de,Boa-Vista
ile,de,Fogo
ile,de,Sao-Vicente
ile,de,Sal
ile,de,Sao-Nicolau
ile,de,Brava
ile,de,Maio
ile,de,Sao-Tomé
ile,de,Príncipe
ile,de,Bioko
ile,de,Annobon
ile,de,Zanzibar
ile,de,Pemba
ile,de,Mafia
ile,de,Madagascar
ile,de la,Réunion
ile,de,Maurice
ile,de,Rodrigues
ile,de,Mayotte
ile,de,Anjouan
ile,de,Mohéli
ile,de,Grande-Comore
ile,de,Socotra
ile,de,Ceylan
ile,des,Maldives
ile,de,Phuket
ile,de,Samui
ile,de,Langkawi
ile,de,Penang
ile,de,Singapour
ile,de,Batan
ile,de,Luzon
ile,de,Mindoro
ile,de,Palawan
ile,de,Panay
ile,de,Negros
ile,de,Cebu
ile,de,Bohol
ile,de,Leyte
ile,de,Samar
ile,de,Masbate
ile,de,Mindanao
ile,de,Sulu
ile,de,Basilan
ile,de,Jolo
ile,de,Tawi-Tawi
ile,de,Taiwan
ile,de,Hainan
ile,de,Hokkaido
ile,de,Honshu
ile,de,Shikoku
ile,de,Kyushu
ile,de,Okinawa
ile,de,Sado
ile,de,Tsushima
ile,de,Awaji
ile,de,Sakhaline
ile,de,Wrangel
ile,de,Nouvelle-Zemble
ile,de,Vaïgatch
ile,de,Kolgouïev
ile,de,Bely
ile,de,Vilkitski
ile,de,Chokalski
ile,de,Dikson
ile,de,Sibiriakov
ile,de,Rousski
ile,de,Oleniy
ile,de,Bolshoy-Begichev
ile,de,Pestchanov
ile,de,Dunay
ile,de,Muostakh
ile,de,Makar
ile,de,Stolbovoy
ile,de,Belkovski
ile,de,Kotelny
ile,de,Novaya-Sibir
ile,de,Bennett
ile,de,Jeannette
ile,de,Henrietta
ile,de,Vilvil-Island
ile,de,Zhovhov
ile,de,Aion
ile,de,Kolioutchine
ile,de,Saint-Laurent
ile,de,Nunivak
ile,de,Kodiak
ile,de,Unimak
ile,de,Unalaska
ile,de,Umnak
ile,de,Atka
ile,de,Adak
ile,de,Amchitka
ile,de,Kiska
ile,de,Attu
ile,de,Vancouver
ile,de,Graham
ile,de,Moresby
ile,de,Banks
ile,de,Victoria
ile,de,Prince-de-Galles
ile,de,Somerset
ile,de,King-William
ile,de,Bylot
ile,de,Baffin
ile,de,Southampton
ile,de,Coats
ile,de,Mansel
ile,de,Akpatok
ile,de,Salisbury
ile,de,Nottingham
ile,de,Belcher
ile,de,Ellesmere
ile,de,Devon
ile,de,Cornwallis
ile,de,Bathurst
ile,de,Melville
ile,de,Prince-Patrick
ile,de,Eglinton
ile,de,Borden
ile,de,Mackenzie-King
ile,de,Lougheed
ile,de,Ellef-Ringnes
ile,de,Amund-Ringnes
ile,de,Axel-Heiberg
ile,de,Meighen
ile,de,Cornwall
ile,de,Graham
ile,de,Buckingham
ile,de,Table
ile,de,Exmouth
ile,de,Ekins
ile,de,Helena
ile,de,Cameron
ile,de,Vanier
ile,de,Massey
ile,de,Alexander
ile,de,Stefansson
ile,de,Prescott
ile,de,Russell
ile,de,Lowther
ile,de,Griffith
ile,de,Somerville
ile,de,Browne
ile,de,Young
ile,de,Hyde-Parker
ile,de,Coburg
ile,de,Hoved
ile,de,Thorvald
ile,de,Stor
ile,de,Hat
ile,de,Reid
ile,de,Kitson
ile,de,Dundas
ile,de,Margaret
ile,de,Baillie-Hamilton
ile,de,Dundas
ile,de,Little-Cornwallis
ile,de,Truro
ile,de,Houston-Stewart
ile,de,Gribbell
ile,de,Princess-Royal
ile,de,Aristazabal
ile,de,Swindle
ile,de,Price
ile,de,Hunter
ile,de,Calvert
ile,de,Campania
ile,de,Gil
ile,de,Pitt
ile,de,Banks
ile,de,McCauley
ile,de,Porcher
ile,de,Kennedy
ile,de,Stephens
ile,de,Dundas
ile,de,Zayas
ile,de,Annette
ile,de,Revillagigedo
ile,de,Gravina
ile,de,Duke
ile,de,Cleveland
ile,de,Prince-de-Galles
ile,de,Kupreanof
ile,de,Mitkof
ile,de,Zarembo
ile,de,Etolin
ile,de,Wrangell
ile,de,Kuiu
ile,de,Baranof
ile,de,Chichagof
ile,de,Admiralty
ile,de,Kruzof
ile,de,Catherine
ile,de,Douglas
ile,de,Pleasant
ile,de,Lemesurier
ile,de,Inian
ile,de,Yakobi
ile,de,Heceta
ile,de,Kosciusko
ile,de,Dall
ile,de,Suemez
ile,de,Sukkwan
ile,de,Long
ile,de,Tuxekan
ile,de,Orr
ile,de,Marble
ile,de,Coronation
ile,de,Warren
ile,de,Maurelle
ile,de,San-Fernando
ile,de,Lulu
ile,de,Noyes
ile,de,Baker
ile,de,Saint-Ignace
ile,de,Kassa
ile,de,Sukkwan
ile,de,Gravina
ile,de,Pennock
ile,de,Betton
ile,de,Seal
ile,de,Tlevak
ile,de,Jackson
ile,de,Southeastern
ile,de,Alexander
ile,de,Afognak
ile,de,Shuyak
ile,de,Marmot
ile,de,Raspberry
ile,de,Whale
ile,de,Spruce
ile,de,Woody
ile,de,Near
ile,de,Chiniak
ile,de,Sitkalidak
ile,de,Tugidak
ile,de,Sitkinak
ile,de,Chirikof
ile,de,Semidi
ile,de,Chowiet
ile,de,Aghiyuk
ile,de,Kateekuk
ile,de,Anowiki
ile,de,Kiliktagik
ile,de,Sukoi
ile,de,Nuniak